Factory,State/Province,Shipments,Unique_Orders,Units,Sales,Cost,Gross_Profit,Average_Source_Date_Difference,Median_Source_Date_Difference,Lead_Time_Std,Min_Source_Date_Difference,Max_Source_Date_Difference,Profit_Margin,Cost_Ratio,Profit_Score,Cost_Efficiency_Score,Consistency_Score,Route_Efficiency_Score
The Other Factory,North Carolina,1,1,2,9.0,2.0,7.0,1635.0,1635.0,,1635,1635,77.77777777777779,22.22222222222222,100.0,100.0,100.0,100.0
Lot's O' Nuts,Wyoming,1,1,4,13.96,4.0,9.96,1274.0,1274.0,,1274,1274,71.34670487106017,28.653295128939828,90.82395695017121,90.82395695017122,100.0,93.58
Lot's O' Nuts,West Virginia,2,2,11,38.72,11.3,27.42,1637.0,1637.0,2.83,1635,1639,70.81611570247934,29.183884297520663,90.066896795001,90.066896795001,99.45474162845362,92.88
Lot's O' Nuts,North Dakota,5,4,16,57.160000000000004,17.5,39.66,1638.2,1637.0,1.64,1637,1640,69.38418474457661,30.615815255423374,88.02377579409101,88.02377579409104,99.68401988362683,91.52
Wicked Choccy's,North Dakota,2,1,14,52.5,18.2,34.3,1637.0,1637.0,0.0,1637,1637,65.33333333333333,34.66666666666667,82.24390243902437,82.24390243902438,100.0,87.57
Wicked Choccy's,Maine,2,2,15,55.25,19.18,36.07,908.0,908.0,0.0,908,908,65.28506787330318,34.71493212669684,82.17503586800574,82.17503586800574,100.0,87.52
Wicked Choccy's,West Virginia,2,2,7,25.25,8.78,16.47,1639.0,1639.0,0.0,1639,1639,65.22772277227722,34.77227722772277,82.0932141994687,82.09321419946873,100.0,87.47
Wicked Choccy's,District of Columbia,2,2,5,16.25,5.699999999999999,10.55,1275.0,1275.0,0.0,1275,1275,64.92307692307693,35.07692307692307,81.65853658536587,81.65853658536585,100.0,87.16
Sugar Shack,Washington,1,1,1,1.99,0.75,1.24,1638.0,1638.0,,1638,1638,62.311557788944725,37.68844221105528,77.93234465007966,77.93234465007966,100.0,84.55
Sugar Shack,New Jersey,1,1,3,5.97,2.25,3.72,1642.0,1642.0,,1642,1642,62.311557788944725,37.68844221105528,77.93234465007966,77.93234465007966,100.0,84.55
Sugar Shack,Connecticut,1,1,2,3.98,1.5,2.48,1641.0,1641.0,,1641,1641,62.311557788944725,37.68844221105528,77.93234465007966,77.93234465007966,100.0,84.55
Lot's O' Nuts,Maine,6,5,20,71.23,22.200000000000003,49.03,1213.5,1274.5,149.66,908,1275,68.83335673171416,31.16664326828584,87.23783826354337,87.23783826354338,71.16488767292205,82.42
Sugar Shack,Arizona,1,1,3,11.25,4.5,6.75,1274.0,1274.0,,1274,1274,60.0,40.0,74.6341463414634,74.6341463414634,100.0,82.24
Lot's O' Nuts,Vermont,5,4,29,103.19,30.8,72.39,1492.4,1638.0,200.29,1273,1640,70.15214652582615,29.847853474173856,89.11952614050804,89.11952614050803,61.40996493391391,80.81
Lot's O' Nuts,Iowa,16,14,64,227.87,70.4,157.47,1479.0,1636.0,187.51,1270,1641,69.10519155658929,30.89480844341072,87.62570014781642,87.62570014781642,63.8722977919926,80.5
Lot's O' Nuts,District of Columbia,8,6,35,126.0,40.7,85.3,1365.88,1275.0,168.58,1274,1639,67.6984126984127,32.301587301587304,85.6184668989547,85.6184668989547,67.51955608647066,80.19
Lot's O' Nuts,Maryland,60,44,229,812.74,245.20000000000002,567.54,1370.67,1274.0,221.92,908,1641,69.83045008243718,30.169549917562815,88.66052023957499,88.660520239575,57.242495472236136,79.24
Lot's O' Nuts,New Hampshire,13,13,50,178.02,55.0,123.02,1272.46,1273.0,210.88,906,1637,69.10459498932704,30.895405010672956,87.62484894818613,87.62484894818616,59.369581133675005,79.15
Lot's O' Nuts,Kansas,15,15,53,188.93,58.1,130.83,1248.87,1273.0,216.1,908,1639,69.24786958132643,30.752130418673584,87.82927732945355,87.82927732945355,58.36383954375554,78.99
Lot's O' Nuts,Nebraska,23,20,83,295.28000000000003,89.9,205.38,1336.13,1274.0,237.68,905,1639,69.55432132213491,30.445678677865075,88.26653164255833,88.26653164255836,54.206003622211085,78.05
Lot's O' Nuts,Indiana,90,74,352,1253.78,384.2,869.58,1366.79,1274.0,236.12,907,1642,69.35666544369826,30.643334556301742,87.98451045015483,87.98451045015483,54.50657007437093,77.94
Lot's O' Nuts,Oklahoma,41,34,160,569.4,174.4,395.0,1282.68,1274.0,237.45,909,1641,69.371268001405,30.628731998595015,88.00534580688273,88.00534580688273,54.2503179068244,77.88
Lot's O' Nuts,Georgia,110,88,415,1474.09,446.3,1027.79,1329.56,1274.0,243.44,904,1642,69.7236939399901,30.276306060009905,88.50819745096146,88.50819745096148,53.09621979885168,77.88
Lot's O' Nuts,Montana,8,7,26,92.61,28.6,64.01,1319.25,1273.5,234.0,909,1639,69.11780585249974,30.882194147500268,87.64369859442034,87.64369859442036,54.91503217602404,77.83
Lot's O' Nuts,Wisconsin,58,44,216,768.25,236.3,531.95,1367.64,1274.0,242.38,906,1641,69.24178327367395,30.758216726326065,87.82059320755916,87.82059320755916,53.300450849678235,77.46
Lot's O' Nuts,South Carolina,21,18,79,281.32,86.4,194.92000000000002,1290.29,1274.0,244.66,904,1641,69.28764396416892,30.712356035831085,87.8860285830215,87.8860285830215,52.861161419598474,77.38
Lot's O' Nuts,Nevada,24,23,109,389.21000000000004,121.1,268.11,1243.25,1273.0,239.22,904,1641,68.88569152899463,31.114308471005366,87.3125110840533,87.31251108405333,53.90929058610458,77.29
Secret Factory,Florida,7,6,35,78.75,26.6,52.15,1482.14,1639.0,196.26,1271,1640,66.22222222222221,33.77777777777778,83.5121951219512,83.51219512195122,62.186428268660165,77.11
Lot's O' Nuts,North Carolina,143,120,574,2045.6100000000001,628.6,1417.01,1314.2,1274.0,249.31,907,1642,69.27077986517467,30.729220134825308,87.86196639299312,87.86196639299315,51.96524218719895,77.09
Lot's O' Nuts,Connecticut,47,40,147,523.59,161.3,362.29,1420.55,1635.0,249.39,906,1641,69.19345289253042,30.806547107469584,87.75163400519584,87.75163400519584,51.949828522985634,77.01
Lot's O' Nuts,New York,645,544,2455,8757.81,2702.8,6055.01,1330.52,1274.0,249.26,904,1642,69.13840332229177,30.861596677708242,87.67308766717238,87.67308766717238,51.97487572733228,76.96
Lot's O' Nuts,Michigan,147,118,590,2103.76,652.9,1450.86,1303.01,1273.0,247.2,906,1642,68.96509107502756,31.034908924972427,87.42580068022224,87.42580068022227,52.3717775808254,76.91
Lot's O' Nuts,Delaware,43,39,177,631.59,195.4,436.19,1273.3,1272.0,251.92,906,1641,69.0622080780253,30.9377919219747,87.56437006254826,87.56437006254829,51.46237139223922,76.73
Lot's O' Nuts,Missouri,36,30,145,514.08,155.0,359.08,1364.83,1274.0,267.22,907,1640,69.84905073140366,30.150949268596328,88.68706018992961,88.68706018992962,48.51450811144079,76.64
Lot's O' Nuts,Colorado,103,82,405,1447.66,448.6,999.0600000000001,1347.53,1274.0,252.65,904,1642,69.01206084301562,30.987939156984375,87.49281851991252,87.49281851991253,51.32172170629263,76.64
Lot's O' Nuts,Arizona,111,94,411,1468.05,454.9,1013.15,1306.2,1274.0,253.9,904,1642,69.01331698511632,30.98668301488369,87.49461082022694,87.49461082022694,51.08088320295942,76.57
Lot's O' Nuts,Tennessee,109,88,382,1361.56,419.8,941.76,1390.96,1276.0,257.72,906,1642,69.16771938071037,30.83228061928964,87.71491667735502,87.71491667735502,50.34488073677314,76.5
Lot's O' Nuts,Massachusetts,76,58,281,1003.24,312.7,690.54,1292.12,1273.0,252.38,906,1641,68.83098760017543,31.16901239982457,87.23445791732347,87.23445791732348,51.373742823012606,76.48
Lot's O' Nuts,Alabama,34,30,133,475.61,148.7,326.91,1295.21,1273.0,253.07,906,1642,68.73488782826266,31.265112171737346,87.09733995008207,87.09733995008207,51.24079996917267,76.34
Lot's O' Nuts,New Brunswick,4,4,28,97.72,28.0,69.72,1273.25,1273.0,298.43,908,1639,71.34670487106017,28.653295128939828,90.82395695017121,90.82395695017122,42.501252360217336,76.33
Lot's O' Nuts,Idaho,14,12,41,146.5,45.6,100.9,1351.36,1273.0,255.75,908,1641,68.87372013651878,31.126279863481233,87.29542995088654,87.29542995088653,50.724442218026276,76.32
Lot's O' Nuts,Ohio,262,218,974,3472.7400000000002,1072.5,2400.24,1334.11,1273.0,260.44,904,1642,69.1166053318129,30.883394668187076,87.64198565636718,87.64198565636723,49.8208161535201,76.3
Lot's O' Nuts,Texas,569,479,2142,7642.34,2364.0,5278.34,1310.46,1273.0,260.34,904,1642,69.06706584632457,30.932934153675447,87.57130126853626,87.57130126853625,49.84008323378676,76.25
Wicked Choccy's,Manitoba,10,6,35,120.25,41.98,78.27,1455.6,1455.0,192.9,1271,1639,65.08939708939708,34.910602910602904,81.89584706657875,81.89584706657878,62.833802165619815,76.18
Lot's O' Nuts,Pennsylvania,331,270,1216,4338.55,1344.9,2993.65,1315.06,1273.0,260.48,904,1642,69.0011639833585,30.998836016641505,87.47727056162125,87.47727056162127,49.81310932141343,76.18
Lot's O' Nuts,New Mexico,18,18,73,260.71,81.3,179.41,1456.94,1639.0,258.26,909,1642,68.81592574124507,31.18407425875494,87.21296721616673,87.21296721616673,50.24083850333321,76.12
Lot's O' Nuts,California,1125,944,4221,15044.9,4643.9,10401.0,1316.91,1274.0,265.37,904,1642,69.1330617019721,30.8669382980279,87.66546608696018,87.6654660869602,48.87094909637393,76.03
Lot's O' Nuts,Alberta,16,12,57,204.32,62.900000000000006,141.42000000000002,1273.88,1273.0,266.92,909,1640,69.21495693030542,30.785043069694602,87.78231659567967,87.78231659567965,48.57230935224076,76.02
Lot's O' Nuts,Illinois,267,235,995,3539.21,1086.7,2452.51,1319.93,1274.0,268.39,906,1642,69.29540773223404,30.704592267765975,87.89710615452904,87.89710615452904,48.28908327232091,76.01
Lot's O' Nuts,Virginia,109,91,431,1538.84,479.6,1059.24,1229.49,1273.0,262.01,905,1641,68.8336669179382,31.166333082061815,87.23828084632646,87.23828084632643,49.518322993333584,75.92
Lot's O' Nuts,Oregon,77,62,305,1085.9,334.3,751.6,1245.19,1273.0,269.88,906,1642,69.21447647112994,30.785523528870062,87.78163106246588,87.78163106246589,48.002003776347735,75.85
Lot's O' Nuts,Ontario,28,24,97,348.32,109.1,239.22,1246.29,1271.5,261.42,906,1639,68.67822691777677,31.321773082223242,87.0164945046327,87.01649450463269,49.63199876690686,75.8
Wicked Choccy's,Vermont,5,5,15,51.75,18.06,33.69,1418.6,1273.0,200.29,1271,1638,65.10144927536231,34.89855072463768,81.91304347826085,81.91304347826087,61.40996493391391,75.76
Lot's O' Nuts,Washington,269,230,980,3492.91,1077.0,2415.91,1343.96,1274.0,274.98,904,1642,69.16611077869169,30.833889221308308,87.71262147691374,87.71262147691375,47.01938268274826,75.5
Sugar Shack,Ohio,2,2,11,18.46,8.6,9.86,1637.5,1637.5,3.54,1635,1640,53.412784398699884,46.5872156013001,65.23531432497421,65.23531432497424,99.31794535856037,75.46
Wicked Choccy's,Wisconsin,47,42,215,737.25,257.42,479.83,1312.23,1274.0,205.33,906,1641,65.08375720583248,34.916242794167516,81.88779991563902,81.88779991563904,60.43890408847442,75.45
Lot's O' Nuts,Louisiana,24,21,80,283.71000000000004,86.4,197.31,1302.96,1274.0,283.01,906,1639,69.54636776990588,30.453632230094108,88.25518328145107,88.2551832814511,45.472236137335756,75.42
Lot's O' Nuts,Mississippi,30,25,126,448.43,136.1,312.33,1297.67,1273.5,286.78,906,1642,69.64966661463328,30.350333385366724,88.40257309648894,88.40257309648894,44.74586721128281,75.31
Lot's O' Nuts,Arkansas,31,25,122,434.69,135.0,299.69,1285.35,1273.0,274.53,908,1642,68.94338494099243,31.05661505900757,87.39482973287943,87.39482973287944,47.106084543948214,75.31
Lot's O' Nuts,Prince Edward Island,6,6,22,78.1,23.2,54.9,1395.83,1456.5,298.67,908,1640,70.29449423815622,29.705505761843792,89.32263202273508,89.32263202273508,42.455011367577356,75.26
Lot's O' Nuts,Minnesota,43,38,158,561.21,172.4,388.81,1350.4,1274.0,282.63,906,1642,69.28066142798596,30.71933857201404,87.87606569602873,87.87606569602875,45.545451042349036,75.18
Lot's O' Nuts,Kentucky,77,63,291,1039.13,323.4,715.73,1325.4,1274.0,276.27,904,1641,68.87781124594612,31.122188754053866,87.30126726555726,87.30126726555729,46.770837347308394,75.14
Wicked Choccy's,Delaware,49,37,176,601.5,210.07999999999998,391.42,1273.71,1274.0,210.88,906,1641,65.0739817123857,34.9260182876143,81.87385195547715,81.87385195547716,59.369581133675005,75.12
Wicked Choccy's,Prince Edward Island,4,2,16,52.0,18.24,33.76,1457.0,1457.0,211.31,1274,1640,64.92307692307692,35.07692307692307,81.65853658536584,81.65853658536585,59.286732688528375,74.95
Lot's O' Nuts,New Jersey,65,53,231,825.88,257.9,567.98,1335.66,1275.0,278.67,907,1642,68.77270305613406,31.227296943865934,87.15129582399615,87.15129582399616,46.30842742090863,74.9
Wicked Choccy's,New Jersey,59,49,194,672.0,234.44,437.56,1335.39,1273.0,216.57,906,1642,65.11309523809524,34.886904761904766,81.92966027874564,81.92966027874564,58.27328426650226,74.83
Lot's O' Nuts,Florida,209,176,740,2640.13,819.4,1820.73,1318.61,1274.0,283.18,904,1642,68.96364951725862,31.036350482741376,87.42374382340557,87.4237438234056,45.43948210088244,74.83
Wicked Choccy's,Nebraska,14,12,51,185.75,64.53999999999999,121.21,1299.29,1274.0,225.1,905,1641,65.25437415881561,34.745625841184385,82.13124117782226,82.13124117782229,56.629802319756465,74.48
Wicked Choccy's,Mississippi,22,17,91,315.75,110.14,205.61,1240.45,1274.0,222.89,907,1640,65.11797307996834,34.88202692003167,81.93662012629628,81.93662012629628,57.05560479364957,74.47
Wicked Choccy's,Nevada,12,10,42,151.5,52.68,98.82,1182.25,1271.5,226.37,908,1639,65.22772277227722,34.77227722772277,82.0932141994687,82.09321419946873,56.385110400369925,74.38
Secret Factory,Vermont,1,1,6,7.5,3.6,3.9,1273.0,1273.0,,1273,1273,52.0,48.00000000000001,63.21951219512194,63.21951219512194,100.0,74.25
Secret Factory,New Hampshire,1,1,5,6.25,3.0,3.25,1641.0,1641.0,,1641,1641,52.0,48.0,63.21951219512194,63.21951219512195,100.0,74.25
Secret Factory,South Carolina,1,1,5,6.25,3.0,3.25,909.0,909.0,,909,909,52.0,48.0,63.21951219512194,63.21951219512195,100.0,74.25
Secret Factory,Minnesota,1,1,4,5.0,2.4,2.6,909.0,909.0,,909,909,52.0,48.0,63.21951219512194,63.21951219512195,100.0,74.25
Secret Factory,Nebraska,1,1,2,2.5,1.2,1.3,906.0,906.0,,906,906,52.0,48.0,63.21951219512194,63.21951219512195,100.0,74.25
Secret Factory,Connecticut,1,1,2,2.5,1.2,1.3,1638.0,1638.0,,1638,1638,52.0,48.0,63.21951219512194,63.21951219512195,100.0,74.25
Secret Factory,Louisiana,2,2,9,11.25,5.4,5.85,908.5,908.5,0.71,908,909,52.0,48.00000000000001,63.21951219512194,63.21951219512194,99.86320373010673,74.21
Wicked Choccy's,New Mexico,17,14,68,229.5,80.24,149.26,1488.88,1639.0,226.43,909,1641,65.03703703703704,34.96296296296296,81.8211382113821,81.82113821138212,56.37355015220994,74.19
Secret Factory,New Jersey,2,2,5,6.25,3.0,3.25,1274.5,1274.5,2.12,1273,1276,52.0,48.0,63.21951219512194,63.21951219512195,99.59153789834689,74.13
Secret Factory,New Mexico,2,2,10,12.5,6.0,6.5,906.0,906.0,2.83,904,908,52.0,48.0,63.21951219512194,63.21951219512195,99.45474162845362,74.09
Lot's O' Nuts,Manitoba,2,2,5,18.0,6.0,12.0,1454.0,1454.0,258.8,1271,1637,66.66666666666666,33.33333333333333,84.14634146341461,84.14634146341464,50.13679626989326,73.94
Lot's O' Nuts,Utah,29,21,110,393.91,123.8,270.11,1236.0,1275.0,298.22,906,1640,68.57150110431317,31.42849889568683,86.8642149903005,86.8642149903005,42.5417132287773,73.57
Wicked Choccy's,South Carolina,19,14,86,307.0,106.84,200.16,1234.21,1273.0,240.9,904,1641,65.19869706840392,34.80130293159609,82.05179947564947,82.05179947564949,53.58560363762475,73.51
Wicked Choccy's,Michigan,100,83,328,1127.0,393.44,733.56,1291.85,1273.5,239.86,906,1642,65.08961845607809,34.910381543921915,81.89616291903823,81.89616291903825,53.785981272397976,73.46
Lot's O' Nuts,Rhode Island,30,23,99,353.76,110.9,242.86,1296.9,1273.0,301.98,906,1640,68.65106286748079,31.34893713251922,86.97773604262503,86.97773604262501,41.81727101075102,73.43
Wicked Choccy's,Oregon,43,39,177,628.25,218.74,409.51,1316.16,1273.0,242.41,906,1642,65.18265021886191,34.817349781138084,82.02890336105906,82.02890336105908,53.294670725598245,73.41
Lot's O' Nuts,South Dakota,9,6,33,117.59,35.5,82.09,1477.22,1640.0,322.72,908,1641,69.81035802364147,30.189641976358534,88.63185230202501,88.63185230202502,37.82127856344649,73.39
Wicked Choccy's,Tennessee,67,56,265,915.75,319.54,596.21,1393.76,1276.0,241.36,908,1641,65.1061971061971,34.89380289380289,81.91981782225682,81.91981782225685,53.49697506839813,73.39
Lot's O' Nuts,Quebec,24,20,68,242.93,77.1,165.83,1334.12,1275.0,298.55,904,1642,68.26246243773927,31.73753756226073,86.42326957579871,86.42326957579871,42.47813186389734,73.24
Wicked Choccy's,New York,436,353,1583,5518.25,1924.1399999999999,3594.11,1311.88,1274.0,245.01,904,1642,65.13133692746796,34.86866307253205,81.95568805504573,81.95568805504573,52.79372663866518,73.21
Lot's O' Nuts,British Columbia,18,18,71,253.4,79.6,173.8,1273.78,1274.0,307.08,906,1640,68.5872138910813,31.4127861089187,86.88663445434771,86.88663445434771,40.83464991715155,73.07
Wicked Choccy's,Oklahoma,25,22,87,308.25,107.34,200.91,1332.0,1274.0,250.49,909,1642,65.17761557177616,34.82238442822385,82.0217197792416,82.02171977924158,51.737890640052406,72.94
Wicked Choccy's,Florida,161,131,577,2009.25,700.66,1308.59,1305.09,1273.0,250.27,904,1642,65.12828169715067,34.87171830284932,81.95132876300765,81.95132876300768,51.78027821663905,72.9
Wicked Choccy's,Georgia,65,55,249,862.25,300.82,561.43,1346.15,1274.0,251.88,904,1642,65.11220643664831,34.88779356335169,81.92839211082745,81.92839211082746,51.47007822434588,72.79
Wicked Choccy's,Alabama,22,18,97,333.75,116.5,217.25,1272.73,1273.0,252.84,906,1639,65.09363295880149,34.9063670411985,81.90189092902163,81.90189092902165,51.28511425378598,72.72
Wicked Choccy's,Massachusetts,54,43,195,671.25,234.3,436.95,1334.44,1274.0,253.28,906,1642,65.09497206703911,34.9050279329609,81.90380160784846,81.90380160784848,51.20033910061269,72.69
Wicked Choccy's,Virginia,106,85,430,1490.0,519.8,970.2,1238.88,1273.0,254.77,904,1642,65.11409395973155,34.88590604026845,81.9310852840072,81.93108528400721,50.913259604639514,72.63
Secret Factory,Colorado,7,7,20,171.25,67.4,103.85,1376.57,1272.0,178.94,1270,1639,60.64233576642335,39.35766423357664,75.55064981306745,75.55064981306748,65.52348657084505,72.54
Wicked Choccy's,Colorado,70,49,262,906.5,316.28,590.22,1319.84,1274.0,256.2,904,1641,65.10976282404854,34.89023717595146,81.92490549284975,81.92490549284975,50.63774035682633,72.54
Secret Factory,Kentucky,2,2,7,46.25,23.0,23.25,1637.5,1637.5,0.71,1637,1638,50.27027027027027,49.72972972972973,60.75148319050757,60.75148319050758,99.86320373010673,72.48
Wicked Choccy's,Indiana,54,44,203,708.25,246.94,461.31,1402.46,1275.5,257.77,904,1642,65.1337804447582,34.8662195552418,81.95917453703304,81.95917453703305,50.33524719663982,72.47
Wicked Choccy's,North Carolina,101,91,391,1376.25,479.5,896.75,1352.76,1274.0,261.44,904,1642,65.1589464123524,34.84105358764759,81.99508207616135,81.99508207616137,49.62814535085352,72.29
Secret Factory,Utah,1,1,5,100.0,50.0,50.0,1275.0,1275.0,,1275,1275,50.0,50.0,60.36585365853659,60.36585365853659,100.0,72.26
Secret Factory,Delaware,1,1,3,60.0,30.0,30.0,909.0,909.0,,909,909,50.0,50.0,60.36585365853659,60.36585365853659,100.0,72.26
Secret Factory,Mississippi,1,1,4,80.0,40.0,40.0,908.0,908.0,,908,908,50.0,50.0,60.36585365853659,60.36585365853659,100.0,72.26
Secret Factory,Oregon,2,2,9,180.0,90.0,90.0,1271.5,1271.5,0.71,1271,1272,50.0,50.0,60.36585365853659,60.36585365853659,99.86320373010673,72.22
Wicked Choccy's,California,823,689,3266,11394.0,3972.68,7421.32,1320.33,1274.0,262.5,904,1642,65.13357907670704,34.866420923292964,81.95888721920393,81.95888721920394,49.42391430002697,72.2
Wicked Choccy's,Saskatchewan,2,2,9,29.25,10.26,18.99,1457.0,1457.0,258.8,1274,1640,64.92307692307692,35.07692307692308,81.65853658536584,81.65853658536585,50.13679626989326,72.2
Wicked Choccy's,Pennsylvania,227,188,799,2804.25,977.26,1826.99,1339.22,1274.0,263.67,906,1642,65.15075332085227,34.84924667914772,81.98339193341117,81.98339193341118,49.19848946090709,72.15
Wicked Choccy's,Maryland,41,32,183,652.25,227.01999999999998,425.23,1326.71,1274.0,264.94,908,1642,65.19432732847835,34.805672671521656,82.04556460282886,82.04556460282886,48.95379754152056,72.12
Wicked Choccy's,Illinois,210,183,798,2801.5,976.28,1825.22,1329.13,1274.0,266.26,906,1642,65.15152596823131,34.848474031768696,81.98449436930564,81.98449436930564,48.699472082000696,72.0
Wicked Choccy's,Ohio,189,157,705,2479.75,864.02,1615.73,1313.35,1273.0,267.57,904,1642,65.15697146889808,34.84302853110193,81.99226416903748,81.9922641690375,48.44707333050749,71.93
Wicked Choccy's,Connecticut,31,30,127,440.75,153.74,287.01,1272.87,1273.0,267.39,904,1642,65.11854792966534,34.88145207033465,81.93744033866884,81.93744033866885,48.481754074987485,71.9
Wicked Choccy's,Kentucky,58,45,217,769.25,267.86,501.39,1323.81,1275.0,269.0,904,1641,65.17907052323692,34.820929476763084,82.02379574656973,82.02379574656975,48.1715540826943,71.87
Wicked Choccy's,Washington,221,187,860,3023.0,1053.36,1969.6399999999999,1375.72,1276.0,270.8,904,1642,65.15514389679127,34.844856103208734,81.98965653566559,81.98965653566559,47.82474663789449,71.74
Wicked Choccy's,Iowa,14,12,48,172.5,60.0,112.5,1403.79,1456.0,272.0,909,1641,65.21739130434783,34.78260869565217,82.07847295864262,82.07847295864264,47.59354167469462,71.73
Wicked Choccy's,Arizona,105,88,406,1429.5,498.04,931.46,1322.11,1275.0,273.2,904,1642,65.15984610003498,34.840153899965024,81.99636577687917,81.99636577687917,47.36233671149475,71.61
Wicked Choccy's,Texas,388,326,1478,5140.5,1792.76,3347.74,1315.61,1274.0,272.94,904,1642,65.12479330804396,34.87520669195604,81.94635142733101,81.94635142733102,47.412431120188046,71.59
Sugar Shack,Florida,3,3,15,36.89,14.25,22.64,1031.0,909.0,211.31,909,1275,61.37164543236649,38.62835456763351,76.5912501900839,76.5912501900839,59.286732688528375,71.4
Wicked Choccy's,New Hampshire,11,10,61,208.25,72.74,135.51,1340.09,1274.0,275.3,906,1641,65.07082833133254,34.929171668667465,81.86935261909642,81.86935261909642,46.95772802589495,71.4
Wicked Choccy's,Rhode Island,21,18,81,282.25,98.42,183.83,1359.67,1275.0,280.1,906,1640,65.1302037201063,34.86979627989371,81.95407116161508,81.95407116161508,46.03290817309544,71.18
Lot's O' Nuts,Newfoundland and Labrador,6,5,45,162.0,49.5,112.5,1216.17,1094.5,357.45,911,1642,69.44444444444444,30.555555555555557,88.10975609756096,88.10975609756098,31.129821586836727,71.02
Wicked Choccy's,Ontario,30,17,137,466.25,162.9,303.35,1248.57,1272.5,286.49,906,1639,65.06166219839142,34.93833780160858,81.85627411233897,81.85627411233898,44.8017417440561,70.74
The Other Factory,Arizona,2,2,10,38.75,20.0,18.75,1271.5,1271.5,0.71,1271,1272,48.38709677419355,51.61290322580645,58.06451612903225,58.06451612903227,99.86320373010673,70.6
Wicked Choccy's,Utah,23,22,104,362.5,126.4,236.1,1273.48,1273.0,290.6,909,1639,65.13103448275862,34.86896551724138,81.95525651808242,81.95525651808242,44.009864745096515,70.57
Wicked Choccy's,New Brunswick,4,4,20,75.0,26.0,49.0,1273.25,1273.0,298.43,908,1639,65.33333333333333,34.66666666666667,82.24390243902437,82.24390243902438,42.501252360217336,70.32
Wicked Choccy's,Missouri,29,25,105,362.25,126.42,235.82999999999998,1311.1,1273.0,298.12,907,1642,65.10144927536231,34.89855072463769,81.91304347826085,81.91304347826086,42.56098030904396,70.11
Wicked Choccy's,Arkansas,27,21,112,393.5,137.12,256.38,1273.52,1272.0,303.38,908,1642,65.15374841168996,34.84625158831004,81.98766541667956,81.98766541667958,41.54753188701784,69.86
Sugar Shack,Pennsylvania,3,3,8,24.23,9.8,14.43,1396.33,1275.0,211.02,1274,1640,59.554271564176645,40.44572843582336,73.99816796352032,73.99816796352033,59.34260722130168,69.6
Wicked Choccy's,Minnesota,45,36,169,595.25,207.38,387.87,1330.69,1275.0,310.76,906,1642,65.16085678286434,34.83914321713566,81.99780784872107,81.99780784872107,40.1256213633386,69.44
Sugar Shack,Delaware,1,1,3,4.5,2.4,2.1,910.0,910.0,,910,910,46.666666666666664,53.333333333333336,55.60975609756097,55.609756097560975,100.0,68.93
Sugar Shack,California,1,1,4,6.0,3.2,2.8,1638.0,1638.0,,1638,1638,46.666666666666664,53.333333333333336,55.60975609756097,55.609756097560975,100.0,68.93
Sugar Shack,Rhode Island,1,1,3,4.5,2.4,2.1,1273.0,1273.0,,1273,1273,46.666666666666664,53.333333333333336,55.60975609756097,55.609756097560975,100.0,68.93
Wicked Choccy's,Quebec,24,16,77,254.75,89.22,165.53,1243.58,1274.0,322.09,907,1642,64.97742885181552,35.0225711481845,81.73608750807823,81.73608750807821,37.94266116912644,68.6
Wicked Choccy's,Nova Scotia,6,6,26,87.5,30.6,56.900000000000006,1272.67,1273.0,326.91,906,1639,65.02857142857144,34.971428571428575,81.80905923344949,81.80905923344947,37.013987900273584,68.37
Wicked Choccy's,Idaho,7,6,23,78.75,27.5,51.25,1325.0,1274.0,328.43,908,1640,65.07936507936508,34.92063492063492,81.88153310104528,81.8815331010453,36.72112828022042,68.33
Wicked Choccy's,Kansas,9,8,21,74.25,25.86,48.39,1314.0,1273.0,337.84,908,1639,65.17171717171718,34.82828282828282,82.01330376940132,82.01330376940135,34.90809602712805,67.88
Wicked Choccy's,Louisiana,15,14,64,220.5,76.96,143.54,1272.27,1272.0,337.93,906,1640,65.09750566893425,34.90249433106576,81.90741662518666,81.90741662518666,34.89075565488805,67.8
Wicked Choccy's,Alberta,8,8,44,146.0,51.12,94.88,1274.38,1274.0,338.39,909,1640,64.98630136986301,35.013698630136986,81.74874707651185,81.74874707651186,34.80212708566144,67.66
Wicked Choccy's,British Columbia,4,4,10,37.5,13.0,24.5,1364.75,1456.0,349.98,908,1639,65.33333333333333,34.66666666666667,82.24390243902437,82.24390243902438,32.569072482755956,67.34
Sugar Shack,Michigan,3,3,7,17.740000000000002,7.65,10.09,1395.0,1273.0,212.18,1272,1640,56.8771138669673,43.12288613303269,70.17832100530698,70.17832100530703,59.11910909020847,66.86
Wicked Choccy's,Montana,7,5,30,109.5,38.04,71.46,1221.86,911.0,389.9,904,1639,65.26027397260273,34.73972602739726,82.13965920481121,82.13965920481122,24.877654040306723,64.96
Secret Factory,North Carolina,4,4,16,20.0,9.6,10.4,1548.0,1637.0,181.36,1276,1642,52.0,48.0,63.21951219512194,63.21951219512195,65.05722322839196,63.77
Wicked Choccy's,South Dakota,3,2,9,33.75,11.7,22.05,1152.0,908.0,422.62,908,1640,65.33333333333333,34.666666666666664,82.24390243902437,82.2439024390244,18.57346537705675,63.14
Secret Factory,Wisconsin,5,5,32,415.0,207.2,207.8,1346.4,1274.0,163.57,1272,1639,50.0722891566265,49.92771084337349,60.468997942991464,60.468997942991486,68.48483680783013,62.87
Sugar Shack,Tennessee,1,1,1,1.5,0.9,0.6,1272.0,1272.0,,1272,1272,40.0,60.0,46.09756097560975,46.09756097560977,100.0,62.27
Secret Factory,Indiana,4,4,17,21.25,10.2,11.05,1456.25,1456.0,209.87,1274,1639,52.0,48.0,63.21951219512194,63.21951219512195,59.56417864436823,62.12
Secret Factory,Maryland,3,3,7,8.75,4.2,4.55,1517.67,1638.0,211.03,1274,1641,52.0,48.00000000000001,63.21951219512194,63.21951219512194,59.34068051327502,62.06
Secret Factory,Washington,11,11,26,351.25,175.4,175.85,1472.36,1637.0,190.5,1270,1641,50.064056939501775,49.935943060498225,60.457251974654966,60.45725197465497,63.29621209201957,61.31
Secret Factory,Virginia,5,5,15,93.75,46.6,47.15,1053.4,910.0,200.02,906,1274,50.29333333333334,49.70666666666666,60.78439024390243,60.78439024390245,61.46198605063388,60.99
Secret Factory,Tennessee,3,3,20,62.5,30.8,31.7,1395.33,1273.0,211.89,1273,1640,50.72,49.28,61.3931707317073,61.39317073170732,59.17498362298178,60.73
Secret Factory,Rhode Island,3,3,9,142.5,71.2,71.3,1394.33,1275.0,210.17,1271,1637,50.03508771929825,49.96491228070175,60.415917843388954,60.41591784338897,59.506377403568266,60.14
Sugar Shack,Illinois,2,2,5,12.0,5.7,6.3,1089.0,1089.0,257.39,907,1271,52.5,47.5,63.93292682926829,63.9329268292683,50.408462101653114,59.88
Secret Factory,Arkansas,2,2,6,63.75,31.8,31.95,1456.5,1456.5,259.51,1273,1640,50.117647058823536,49.88235294117647,60.533715925394546,60.533715925394546,50.0,57.37
Secret Factory,Massachusetts,2,2,5,100.0,50.0,50.0,1455.0,1455.0,260.22,1271,1639,50.0,50.0,60.36585365853659,60.36585365853659,49.86320373010673,57.22
Secret Factory,Nevada,2,2,12,202.5,101.2,101.3,1091.0,1091.0,261.63,906,1276,50.02469135802469,49.97530864197531,60.4010840108401,60.40108401084011,49.591537898346886,57.16
Sugar Shack,New York,9,9,31,56.97,27.85,29.12,1314.11,1275.0,285.41,908,1640,51.11462173073548,48.88537826926453,61.95622856702501,61.95622856702501,45.00982621093599,56.87
Sugar Shack,Texas,3,3,10,15.0,8.0,7.0,1395.33,1273.0,212.75,1272,1641,46.666666666666664,53.333333333333336,55.60975609756097,55.609756097560975,59.00928673268852,56.63
Secret Factory,New York,24,23,101,1026.25,511.8,514.45,1379.62,1274.5,274.43,905,1641,50.12911084043849,49.87088915956151,60.55007278452808,60.5500727845281,47.125351624214865,56.52
Secret Factory,California,31,31,106,1238.75,618.2,620.55,1308.29,1274.0,288.26,904,1640,50.09485368314833,49.90514631685167,60.501193669857976,60.50119366985798,44.46071442333629,55.69
Secret Factory,Texas,16,16,63,517.5,248.8,268.7,1227.06,1271.5,323.91,905,1641,51.92270531400966,48.07729468599034,63.109225874867434,63.10922587486745,37.59200030827328,55.45
Secret Factory,Pennsylvania,19,19,100,762.5,379.6,382.9,1311.37,1274.0,295.96,906,1640,50.21639344262295,49.783606557377055,60.674610155937614,60.67461015593762,42.97714924280375,55.37
Secret Factory,Michigan,5,5,21,82.5,40.8,41.7,1346.2,1274.0,306.52,908,1640,50.54545454545455,49.45454545454545,61.1441241685144,61.144124168514416,40.942545566644824,55.08
Secret Factory,Ohio,13,12,60,768.75,383.8,384.95,1301.23,1275.0,314.93,906,1639,50.074796747967476,49.925203252032524,60.472575847709685,60.47257584770969,39.32218411621903,54.13
Secret Factory,Arizona,5,5,32,640.0,320.0,320.0,1127.4,909.0,327.53,907,1641,50.0,50.0,60.36585365853659,60.36585365853659,36.89453200262033,53.32
Secret Factory,Georgia,7,6,29,317.5,158.4,159.1,1377.86,1638.0,347.51,907,1639,50.11023622047244,49.88976377952756,60.52314192433261,60.52314192433263,33.04496936534238,52.28
Secret Factory,Illinois,13,13,47,546.25,272.6,273.65,1328.69,1635.0,360.03,907,1641,50.096109839816926,49.903890160183074,60.502985990958294,60.502985990958294,30.632730915956998,51.54
Secret Factory,Alabama,3,3,15,150.0,74.8,75.2,1272.33,1272.0,366.5,906,1639,50.13333333333333,49.86666666666667,60.556097560975594,60.556097560975616,29.386150822704323,51.21
Secret Factory,Quebec,2,2,5,100.0,50.0,50.0,1273.5,1273.5,516.9,908,1639,50.0,50.0,60.36585365853659,60.36585365853659,0.4084621016531145,42.38
Secret Factory,Alberta,2,2,9,180.0,90.0,90.0,1274.5,1274.5,516.9,909,1640,50.0,50.0,60.36585365853659,60.36585365853659,0.4084621016531145,42.38
The Other Factory,Nevada,1,1,5,16.25,15.0,1.25,1638.0,1638.0,,1638,1638,7.6923076923076925,92.3076923076923,0.0,0.0,100.0,30.0
The Other Factory,Indiana,1,1,6,19.5,18.0,1.5,1274.0,1274.0,,1274,1274,7.6923076923076925,92.3076923076923,0.0,0.0,100.0,30.0
The Other Factory,Rhode Island,1,1,7,22.75,21.0,1.75,1273.0,1273.0,,1273,1273,7.6923076923076925,92.3076923076923,0.0,0.0,100.0,30.0
The Other Factory,South Carolina,1,1,2,6.5,6.0,0.5,1273.0,1273.0,,1273,1273,7.6923076923076925,92.3076923076923,0.0,0.0,100.0,30.0
The Other Factory,Missouri,1,1,2,6.5,6.0,0.5,1275.0,1275.0,,1275,1275,7.6923076923076925,92.3076923076923,0.0,0.0,100.0,30.0
The Other Factory,Maryland,1,1,1,3.25,3.0,0.25,1274.0,1274.0,,1274,1274,7.6923076923076925,92.3076923076923,0.0,0.0,100.0,30.0
The Other Factory,Louisiana,1,1,3,9.75,9.0,0.75,907.0,907.0,,907,907,7.6923076923076925,92.3076923076923,0.0,0.0,100.0,30.0
The Other Factory,Ohio,3,3,9,29.25,27.0,2.25,1272.0,1271.0,1.73,1271,1274,7.6923076923076925,92.3076923076923,0.0,0.0,99.66667951138685,29.9
The Other Factory,Connecticut,2,2,3,9.75,9.0,0.75,907.5,907.5,2.12,906,909,7.6923076923076925,92.3076923076923,0.0,0.0,99.59153789834689,29.88
The Other Factory,Colorado,2,2,6,19.5,18.0,1.5,1273.5,1273.5,2.12,1272,1275,7.6923076923076925,92.3076923076923,0.0,0.0,99.59153789834689,29.88
The Other Factory,California,21,21,70,233.75,200.0,33.75,1325.0,1273.0,265.13,908,1640,14.43850267379679,85.56149732620321,9.625668449197859,9.62566844919786,48.91719008901391,21.41
The Other Factory,New York,14,13,54,181.75,152.0,29.75,1351.93,1456.5,326.82,906,1641,16.368638239339752,83.63136176066025,12.379642365887204,12.379642365887207,37.03132827251358,19.78
The Other Factory,Virginia,4,4,17,55.25,51.0,4.25,1180.5,1270.5,181.67,908,1273,7.6923076923076925,92.3076923076923,0.0,0.0,64.99749527956533,19.5
The Other Factory,Pennsylvania,7,7,30,97.5,90.0,7.5,1273.0,1274.0,210.46,908,1637,7.6923076923076925,92.3076923076923,0.0,0.0,59.450502870794956,17.84
The Other Factory,New Jersey,3,3,21,68.25,63.0,5.25,1395.33,1274.0,211.02,1273,1639,7.6923076923076925,92.3076923076923,0.0,0.0,59.34260722130168,17.8
The Other Factory,Massachusetts,3,3,10,32.5,30.0,2.5,1150.67,1272.0,211.02,907,1273,7.6923076923076925,92.3076923076923,0.0,0.0,59.34260722130168,17.8
The Other Factory,Tennessee,3,3,13,42.25,39.0,3.25,1395.67,1276.0,211.61,1271,1640,7.6923076923076925,92.3076923076923,0.0,0.0,59.22893144772841,17.77
The Other Factory,Florida,3,3,12,39.0,36.0,3.0,1029.33,907.0,212.75,906,1275,7.6923076923076925,92.3076923076923,0.0,0.0,59.00928673268852,17.7
The Other Factory,Alabama,2,2,11,35.75,33.0,2.75,1457.0,1457.0,257.39,1275,1639,7.6923076923076925,92.3076923076923,0.0,0.0,50.408462101653114,15.12
The Other Factory,New Hampshire,2,2,11,35.75,33.0,2.75,1088.5,1088.5,258.09,906,1271,7.6923076923076925,92.3076923076923,0.0,0.0,50.27359253978652,15.08
The Other Factory,Georgia,2,2,12,39.0,36.0,3.0,1456.0,1456.0,258.8,1273,1639,7.6923076923076925,92.3076923076923,0.0,0.0,50.13679626989326,15.04
The Other Factory,Oregon,2,2,8,26.0,24.0,2.0,1089.0,1089.0,258.8,906,1272,7.6923076923076925,92.3076923076923,0.0,0.0,50.13679626989326,15.04
The Other Factory,Delaware,2,2,8,26.0,24.0,2.0,1456.5,1456.5,260.92,1272,1641,7.6923076923076925,92.3076923076923,0.0,0.0,49.72833416824014,14.92
The Other Factory,Washington,4,3,16,52.0,48.0,4.0,1275.0,1276.0,298.02,909,1639,7.6923076923076925,92.3076923076923,0.0,0.0,42.58024738931062,12.77
The Other Factory,Texas,9,9,31,100.75,93.0,7.75,1191.56,1273.0,304.52,906,1638,7.6923076923076925,92.3076923076923,0.0,0.0,41.32788717197796,12.4
The Other Factory,Kentucky,2,2,8,26.0,24.0,2.0,1271.0,1271.0,519.02,904,1638,7.6923076923076925,92.3076923076923,0.0,0.0,0.0,0.0
