Factory,State/Province,Shipments,Unique_Orders,Units,Sales,Cost,Gross_Profit,Average_Source_Date_Difference,Median_Source_Date_Difference,Lead_Time_Std,Min_Source_Date_Difference,Max_Source_Date_Difference
Lot's O' Nuts,California,1125,944,4221,15044.9,4643.9,10401.0,1316.91,1274.0,265.37,904,1642
Wicked Choccy's,California,823,689,3266,11394.0,3972.68,7421.32,1320.33,1274.0,262.5,904,1642
Lot's O' Nuts,New York,645,544,2455,8757.81,2702.8,6055.01,1330.52,1274.0,249.26,904,1642
Lot's O' Nuts,Texas,569,479,2142,7642.34,2364.0,5278.34,1310.46,1273.0,260.34,904,1642
Wicked Choccy's,New York,436,353,1583,5518.25,1924.1399999999999,3594.11,1311.88,1274.0,245.01,904,1642
Wicked Choccy's,Texas,388,326,1478,5140.5,1792.76,3347.74,1315.61,1274.0,272.94,904,1642
Lot's O' Nuts,Pennsylvania,331,270,1216,4338.55,1344.9,2993.65,1315.06,1273.0,260.48,904,1642
Lot's O' Nuts,Washington,269,230,980,3492.91,1077.0,2415.91,1343.96,1274.0,274.98,904,1642
Lot's O' Nuts,Illinois,267,235,995,3539.21,1086.7,2452.51,1319.93,1274.0,268.39,906,1642
Lot's O' Nuts,Ohio,262,218,974,3472.7400000000002,1072.5,2400.24,1334.11,1273.0,260.44,904,1642
Wicked Choccy's,Pennsylvania,227,188,799,2804.25,977.26,1826.99,1339.22,1274.0,263.67,906,1642
Wicked Choccy's,Washington,221,187,860,3023.0,1053.36,1969.6399999999999,1375.72,1276.0,270.8,904,1642
Wicked Choccy's,Illinois,210,183,798,2801.5,976.28,1825.22,1329.13,1274.0,266.26,906,1642
Lot's O' Nuts,Florida,209,176,740,2640.13,819.4,1820.73,1318.61,1274.0,283.18,904,1642
Wicked Choccy's,Ohio,189,157,705,2479.75,864.02,1615.73,1313.35,1273.0,267.57,904,1642
Wicked Choccy's,Florida,161,131,577,2009.25,700.66,1308.59,1305.09,1273.0,250.27,904,1642
Lot's O' Nuts,Michigan,147,118,590,2103.76,652.9,1450.86,1303.01,1273.0,247.2,906,1642
Lot's O' Nuts,North Carolina,143,120,574,2045.6100000000001,628.6,1417.01,1314.2,1274.0,249.31,907,1642
Lot's O' Nuts,Arizona,111,94,411,1468.05,454.9,1013.15,1306.2,1274.0,253.9,904,1642
Lot's O' Nuts,Georgia,110,88,415,1474.09,446.3,1027.79,1329.56,1274.0,243.44,904,1642
Lot's O' Nuts,Virginia,109,91,431,1538.84,479.6,1059.24,1229.49,1273.0,262.01,905,1641
Lot's O' Nuts,Tennessee,109,88,382,1361.56,419.8,941.76,1390.96,1276.0,257.72,906,1642
Wicked Choccy's,Virginia,106,85,430,1490.0,519.8,970.2,1238.88,1273.0,254.77,904,1642
Wicked Choccy's,Arizona,105,88,406,1429.5,498.04,931.46,1322.11,1275.0,273.2,904,1642
Lot's O' Nuts,Colorado,103,82,405,1447.66,448.6,999.0600000000001,1347.53,1274.0,252.65,904,1642
Wicked Choccy's,North Carolina,101,91,391,1376.25,479.5,896.75,1352.76,1274.0,261.44,904,1642
Wicked Choccy's,Michigan,100,83,328,1127.0,393.44,733.56,1291.85,1273.5,239.86,906,1642
Lot's O' Nuts,Indiana,90,74,352,1253.78,384.2,869.58,1366.79,1274.0,236.12,907,1642
Lot's O' Nuts,Oregon,77,62,305,1085.9,334.3,751.6,1245.19,1273.0,269.88,906,1642
Lot's O' Nuts,Kentucky,77,63,291,1039.13,323.4,715.73,1325.4,1274.0,276.27,904,1641
Lot's O' Nuts,Massachusetts,76,58,281,1003.24,312.7,690.54,1292.12,1273.0,252.38,906,1641
Wicked Choccy's,Colorado,70,49,262,906.5,316.28,590.22,1319.84,1274.0,256.2,904,1641
Wicked Choccy's,Tennessee,67,56,265,915.75,319.54,596.21,1393.76,1276.0,241.36,908,1641
Wicked Choccy's,Georgia,65,55,249,862.25,300.82,561.43,1346.15,1274.0,251.88,904,1642
Lot's O' Nuts,New Jersey,65,53,231,825.88,257.9,567.98,1335.66,1275.0,278.67,907,1642
Lot's O' Nuts,Maryland,60,44,229,812.74,245.20000000000002,567.54,1370.67,1274.0,221.92,908,1641
Wicked Choccy's,New Jersey,59,49,194,672.0,234.44,437.56,1335.39,1273.0,216.57,906,1642
Lot's O' Nuts,Wisconsin,58,44,216,768.25,236.3,531.95,1367.64,1274.0,242.38,906,1641
Wicked Choccy's,Kentucky,58,45,217,769.25,267.86,501.39,1323.81,1275.0,269.0,904,1641
Wicked Choccy's,Massachusetts,54,43,195,671.25,234.3,436.95,1334.44,1274.0,253.28,906,1642
Wicked Choccy's,Indiana,54,44,203,708.25,246.94,461.31,1402.46,1275.5,257.77,904,1642
Wicked Choccy's,Delaware,49,37,176,601.5,210.07999999999998,391.42,1273.71,1274.0,210.88,906,1641
Lot's O' Nuts,Connecticut,47,40,147,523.59,161.3,362.29,1420.55,1635.0,249.39,906,1641
Wicked Choccy's,Wisconsin,47,42,215,737.25,257.42,479.83,1312.23,1274.0,205.33,906,1641
Wicked Choccy's,Minnesota,45,36,169,595.25,207.38,387.87,1330.69,1275.0,310.76,906,1642
Wicked Choccy's,Oregon,43,39,177,628.25,218.74,409.51,1316.16,1273.0,242.41,906,1642
Lot's O' Nuts,Delaware,43,39,177,631.59,195.4,436.19,1273.3,1272.0,251.92,906,1641
Lot's O' Nuts,Minnesota,43,38,158,561.21,172.4,388.81,1350.4,1274.0,282.63,906,1642
Wicked Choccy's,Maryland,41,32,183,652.25,227.01999999999998,425.23,1326.71,1274.0,264.94,908,1642
Lot's O' Nuts,Oklahoma,41,34,160,569.4,174.4,395.0,1282.68,1274.0,237.45,909,1641
Lot's O' Nuts,Missouri,36,30,145,514.08,155.0,359.08,1364.83,1274.0,267.22,907,1640
Lot's O' Nuts,Alabama,34,30,133,475.61,148.7,326.91,1295.21,1273.0,253.07,906,1642
Secret Factory,California,31,31,106,1238.75,618.2,620.55,1308.29,1274.0,288.26,904,1640
Lot's O' Nuts,Arkansas,31,25,122,434.69,135.0,299.69,1285.35,1273.0,274.53,908,1642
Wicked Choccy's,Connecticut,31,30,127,440.75,153.74,287.01,1272.87,1273.0,267.39,904,1642
Lot's O' Nuts,Rhode Island,30,23,99,353.76,110.9,242.86,1296.9,1273.0,301.98,906,1640
Wicked Choccy's,Ontario,30,17,137,466.25,162.9,303.35,1248.57,1272.5,286.49,906,1639
Lot's O' Nuts,Mississippi,30,25,126,448.43,136.1,312.33,1297.67,1273.5,286.78,906,1642
Lot's O' Nuts,Utah,29,21,110,393.91,123.8,270.11,1236.0,1275.0,298.22,906,1640
Wicked Choccy's,Missouri,29,25,105,362.25,126.42,235.82999999999998,1311.1,1273.0,298.12,907,1642
Lot's O' Nuts,Ontario,28,24,97,348.32,109.1,239.22,1246.29,1271.5,261.42,906,1639
Wicked Choccy's,Arkansas,27,21,112,393.5,137.12,256.38,1273.52,1272.0,303.38,908,1642
Wicked Choccy's,Oklahoma,25,22,87,308.25,107.34,200.91,1332.0,1274.0,250.49,909,1642
Secret Factory,New York,24,23,101,1026.25,511.8,514.45,1379.62,1274.5,274.43,905,1641
Lot's O' Nuts,Louisiana,24,21,80,283.71000000000004,86.4,197.31,1302.96,1274.0,283.01,906,1639
Wicked Choccy's,Quebec,24,16,77,254.75,89.22,165.53,1243.58,1274.0,322.09,907,1642
Lot's O' Nuts,Quebec,24,20,68,242.93,77.1,165.83,1334.12,1275.0,298.55,904,1642
Lot's O' Nuts,Nevada,24,23,109,389.21000000000004,121.1,268.11,1243.25,1273.0,239.22,904,1641
Lot's O' Nuts,Nebraska,23,20,83,295.28000000000003,89.9,205.38,1336.13,1274.0,237.68,905,1639
Wicked Choccy's,Utah,23,22,104,362.5,126.4,236.1,1273.48,1273.0,290.6,909,1639
Wicked Choccy's,Alabama,22,18,97,333.75,116.5,217.25,1272.73,1273.0,252.84,906,1639
Wicked Choccy's,Mississippi,22,17,91,315.75,110.14,205.61,1240.45,1274.0,222.89,907,1640
Wicked Choccy's,Rhode Island,21,18,81,282.25,98.42,183.83,1359.67,1275.0,280.1,906,1640
Lot's O' Nuts,South Carolina,21,18,79,281.32,86.4,194.92000000000002,1290.29,1274.0,244.66,904,1641
The Other Factory,California,21,21,70,233.75,200.0,33.75,1325.0,1273.0,265.13,908,1640
Secret Factory,Pennsylvania,19,19,100,762.5,379.6,382.9,1311.37,1274.0,295.96,906,1640
Wicked Choccy's,South Carolina,19,14,86,307.0,106.84,200.16,1234.21,1273.0,240.9,904,1641
Lot's O' Nuts,British Columbia,18,18,71,253.4,79.6,173.8,1273.78,1274.0,307.08,906,1640
Lot's O' Nuts,New Mexico,18,18,73,260.71,81.3,179.41,1456.94,1639.0,258.26,909,1642
Wicked Choccy's,New Mexico,17,14,68,229.5,80.24,149.26,1488.88,1639.0,226.43,909,1641
Lot's O' Nuts,Alberta,16,12,57,204.32,62.900000000000006,141.42000000000002,1273.88,1273.0,266.92,909,1640
Lot's O' Nuts,Iowa,16,14,64,227.87,70.4,157.47,1479.0,1636.0,187.51,1270,1641
Secret Factory,Texas,16,16,63,517.5,248.8,268.7,1227.06,1271.5,323.91,905,1641
Wicked Choccy's,Louisiana,15,14,64,220.5,76.96,143.54,1272.27,1272.0,337.93,906,1640
Lot's O' Nuts,Kansas,15,15,53,188.93,58.1,130.83,1248.87,1273.0,216.1,908,1639
The Other Factory,New York,14,13,54,181.75,152.0,29.75,1351.93,1456.5,326.82,906,1641
Wicked Choccy's,Nebraska,14,12,51,185.75,64.53999999999999,121.21,1299.29,1274.0,225.1,905,1641
Wicked Choccy's,Iowa,14,12,48,172.5,60.0,112.5,1403.79,1456.0,272.0,909,1641
Lot's O' Nuts,Idaho,14,12,41,146.5,45.6,100.9,1351.36,1273.0,255.75,908,1641
Secret Factory,Ohio,13,12,60,768.75,383.8,384.95,1301.23,1275.0,314.93,906,1639
Secret Factory,Illinois,13,13,47,546.25,272.6,273.65,1328.69,1635.0,360.03,907,1641
Lot's O' Nuts,New Hampshire,13,13,50,178.02,55.0,123.02,1272.46,1273.0,210.88,906,1637
Wicked Choccy's,Nevada,12,10,42,151.5,52.68,98.82,1182.25,1271.5,226.37,908,1639
Secret Factory,Washington,11,11,26,351.25,175.4,175.85,1472.36,1637.0,190.5,1270,1641
Wicked Choccy's,New Hampshire,11,10,61,208.25,72.74,135.51,1340.09,1274.0,275.3,906,1641
Wicked Choccy's,Manitoba,10,6,35,120.25,41.98,78.27,1455.6,1455.0,192.9,1271,1639
Lot's O' Nuts,South Dakota,9,6,33,117.59,35.5,82.09,1477.22,1640.0,322.72,908,1641
The Other Factory,Texas,9,9,31,100.75,93.0,7.75,1191.56,1273.0,304.52,906,1638
Wicked Choccy's,Kansas,9,8,21,74.25,25.86,48.39,1314.0,1273.0,337.84,908,1639
Sugar Shack,New York,9,9,31,56.97,27.85,29.12,1314.11,1275.0,285.41,908,1640
Wicked Choccy's,Alberta,8,8,44,146.0,51.12,94.88,1274.38,1274.0,338.39,909,1640
Lot's O' Nuts,District of Columbia,8,6,35,126.0,40.7,85.3,1365.88,1275.0,168.58,1274,1639
Lot's O' Nuts,Montana,8,7,26,92.61,28.6,64.01,1319.25,1273.5,234.0,909,1639
Secret Factory,Colorado,7,7,20,171.25,67.4,103.85,1376.57,1272.0,178.94,1270,1639
Secret Factory,Florida,7,6,35,78.75,26.6,52.15,1482.14,1639.0,196.26,1271,1640
Wicked Choccy's,Montana,7,5,30,109.5,38.04,71.46,1221.86,911.0,389.9,904,1639
The Other Factory,Pennsylvania,7,7,30,97.5,90.0,7.5,1273.0,1274.0,210.46,908,1637
Wicked Choccy's,Idaho,7,6,23,78.75,27.5,51.25,1325.0,1274.0,328.43,908,1640
Secret Factory,Georgia,7,6,29,317.5,158.4,159.1,1377.86,1638.0,347.51,907,1639
Wicked Choccy's,Nova Scotia,6,6,26,87.5,30.6,56.900000000000006,1272.67,1273.0,326.91,906,1639
Lot's O' Nuts,Prince Edward Island,6,6,22,78.1,23.2,54.9,1395.83,1456.5,298.67,908,1640
Lot's O' Nuts,Newfoundland and Labrador,6,5,45,162.0,49.5,112.5,1216.17,1094.5,357.45,911,1642
Lot's O' Nuts,Maine,6,5,20,71.23,22.200000000000003,49.03,1213.5,1274.5,149.66,908,1275
Lot's O' Nuts,Vermont,5,4,29,103.19,30.8,72.39,1492.4,1638.0,200.29,1273,1640
Lot's O' Nuts,North Dakota,5,4,16,57.160000000000004,17.5,39.66,1638.2,1637.0,1.64,1637,1640
Secret Factory,Arizona,5,5,32,640.0,320.0,320.0,1127.4,909.0,327.53,907,1641
Wicked Choccy's,Vermont,5,5,15,51.75,18.06,33.69,1418.6,1273.0,200.29,1271,1638
Secret Factory,Michigan,5,5,21,82.5,40.8,41.7,1346.2,1274.0,306.52,908,1640
Secret Factory,Wisconsin,5,5,32,415.0,207.2,207.8,1346.4,1274.0,163.57,1272,1639
Secret Factory,Virginia,5,5,15,93.75,46.6,47.15,1053.4,910.0,200.02,906,1274
The Other Factory,Virginia,4,4,17,55.25,51.0,4.25,1180.5,1270.5,181.67,908,1273
Wicked Choccy's,Prince Edward Island,4,2,16,52.0,18.24,33.76,1457.0,1457.0,211.31,1274,1640
Secret Factory,Indiana,4,4,17,21.25,10.2,11.05,1456.25,1456.0,209.87,1274,1639
Secret Factory,North Carolina,4,4,16,20.0,9.6,10.4,1548.0,1637.0,181.36,1276,1642
Lot's O' Nuts,New Brunswick,4,4,28,97.72,28.0,69.72,1273.25,1273.0,298.43,908,1639
Wicked Choccy's,British Columbia,4,4,10,37.5,13.0,24.5,1364.75,1456.0,349.98,908,1639
The Other Factory,Washington,4,3,16,52.0,48.0,4.0,1275.0,1276.0,298.02,909,1639
Wicked Choccy's,New Brunswick,4,4,20,75.0,26.0,49.0,1273.25,1273.0,298.43,908,1639
Secret Factory,Rhode Island,3,3,9,142.5,71.2,71.3,1394.33,1275.0,210.17,1271,1637
Secret Factory,Tennessee,3,3,20,62.5,30.8,31.7,1395.33,1273.0,211.89,1273,1640
Secret Factory,Maryland,3,3,7,8.75,4.2,4.55,1517.67,1638.0,211.03,1274,1641
Secret Factory,Alabama,3,3,15,150.0,74.8,75.2,1272.33,1272.0,366.5,906,1639
Wicked Choccy's,South Dakota,3,2,9,33.75,11.7,22.05,1152.0,908.0,422.62,908,1640
The Other Factory,New Jersey,3,3,21,68.25,63.0,5.25,1395.33,1274.0,211.02,1273,1639
The Other Factory,Ohio,3,3,9,29.25,27.0,2.25,1272.0,1271.0,1.73,1271,1274
Sugar Shack,Pennsylvania,3,3,8,24.23,9.8,14.43,1396.33,1275.0,211.02,1274,1640
Sugar Shack,Texas,3,3,10,15.0,8.0,7.0,1395.33,1273.0,212.75,1272,1641
Sugar Shack,Michigan,3,3,7,17.740000000000002,7.65,10.09,1395.0,1273.0,212.18,1272,1640
The Other Factory,Florida,3,3,12,39.0,36.0,3.0,1029.33,907.0,212.75,906,1275
The Other Factory,Tennessee,3,3,13,42.25,39.0,3.25,1395.67,1276.0,211.61,1271,1640
The Other Factory,Massachusetts,3,3,10,32.5,30.0,2.5,1150.67,1272.0,211.02,907,1273
Sugar Shack,Florida,3,3,15,36.89,14.25,22.64,1031.0,909.0,211.31,909,1275
Wicked Choccy's,Maine,2,2,15,55.25,19.18,36.07,908.0,908.0,0.0,908,908
Wicked Choccy's,North Dakota,2,1,14,52.5,18.2,34.3,1637.0,1637.0,0.0,1637,1637
Secret Factory,Alberta,2,2,9,180.0,90.0,90.0,1274.5,1274.5,516.9,909,1640
Lot's O' Nuts,West Virginia,2,2,11,38.72,11.3,27.42,1637.0,1637.0,2.83,1635,1639
Lot's O' Nuts,Manitoba,2,2,5,18.0,6.0,12.0,1454.0,1454.0,258.8,1271,1637
Secret Factory,Arkansas,2,2,6,63.75,31.8,31.95,1456.5,1456.5,259.51,1273,1640
Sugar Shack,Illinois,2,2,5,12.0,5.7,6.3,1089.0,1089.0,257.39,907,1271
Secret Factory,Louisiana,2,2,9,11.25,5.4,5.85,908.5,908.5,0.71,908,909
Secret Factory,New Jersey,2,2,5,6.25,3.0,3.25,1274.5,1274.5,2.12,1273,1276
Secret Factory,Nevada,2,2,12,202.5,101.2,101.3,1091.0,1091.0,261.63,906,1276
Secret Factory,Quebec,2,2,5,100.0,50.0,50.0,1273.5,1273.5,516.9,908,1639
Secret Factory,New Mexico,2,2,10,12.5,6.0,6.5,906.0,906.0,2.83,904,908
Secret Factory,Massachusetts,2,2,5,100.0,50.0,50.0,1455.0,1455.0,260.22,1271,1639
Secret Factory,Oregon,2,2,9,180.0,90.0,90.0,1271.5,1271.5,0.71,1271,1272
Secret Factory,Kentucky,2,2,7,46.25,23.0,23.25,1637.5,1637.5,0.71,1637,1638
Sugar Shack,Ohio,2,2,11,18.46,8.6,9.86,1637.5,1637.5,3.54,1635,1640
The Other Factory,Kentucky,2,2,8,26.0,24.0,2.0,1271.0,1271.0,519.02,904,1638
The Other Factory,Alabama,2,2,11,35.75,33.0,2.75,1457.0,1457.0,257.39,1275,1639
The Other Factory,Delaware,2,2,8,26.0,24.0,2.0,1456.5,1456.5,260.92,1272,1641
The Other Factory,Georgia,2,2,12,39.0,36.0,3.0,1456.0,1456.0,258.8,1273,1639
The Other Factory,New Hampshire,2,2,11,35.75,33.0,2.75,1088.5,1088.5,258.09,906,1271
The Other Factory,Oregon,2,2,8,26.0,24.0,2.0,1089.0,1089.0,258.8,906,1272
Wicked Choccy's,West Virginia,2,2,7,25.25,8.78,16.47,1639.0,1639.0,0.0,1639,1639
The Other Factory,Arizona,2,2,10,38.75,20.0,18.75,1271.5,1271.5,0.71,1271,1272
The Other Factory,Connecticut,2,2,3,9.75,9.0,0.75,907.5,907.5,2.12,906,909
Wicked Choccy's,District of Columbia,2,2,5,16.25,5.699999999999999,10.55,1275.0,1275.0,0.0,1275,1275
Wicked Choccy's,Saskatchewan,2,2,9,29.25,10.26,18.99,1457.0,1457.0,258.8,1274,1640
The Other Factory,Colorado,2,2,6,19.5,18.0,1.5,1273.5,1273.5,2.12,1272,1275
Lot's O' Nuts,Wyoming,1,1,4,13.96,4.0,9.96,1274.0,1274.0,,1274,1274
Secret Factory,Connecticut,1,1,2,2.5,1.2,1.3,1638.0,1638.0,,1638,1638
Secret Factory,Delaware,1,1,3,60.0,30.0,30.0,909.0,909.0,,909,909
The Other Factory,North Carolina,1,1,2,9.0,2.0,7.0,1635.0,1635.0,,1635,1635
The Other Factory,Nevada,1,1,5,16.25,15.0,1.25,1638.0,1638.0,,1638,1638
The Other Factory,Maryland,1,1,1,3.25,3.0,0.25,1274.0,1274.0,,1274,1274
The Other Factory,Louisiana,1,1,3,9.75,9.0,0.75,907.0,907.0,,907,907
The Other Factory,Missouri,1,1,2,6.5,6.0,0.5,1275.0,1275.0,,1275,1275
Sugar Shack,Connecticut,1,1,2,3.98,1.5,2.48,1641.0,1641.0,,1641,1641
Sugar Shack,Delaware,1,1,3,4.5,2.4,2.1,910.0,910.0,,910,910
Secret Factory,Nebraska,1,1,2,2.5,1.2,1.3,906.0,906.0,,906,906
Secret Factory,South Carolina,1,1,5,6.25,3.0,3.25,909.0,909.0,,909,909
Secret Factory,Minnesota,1,1,4,5.0,2.4,2.6,909.0,909.0,,909,909
Secret Factory,Mississippi,1,1,4,80.0,40.0,40.0,908.0,908.0,,908,908
Secret Factory,New Hampshire,1,1,5,6.25,3.0,3.25,1641.0,1641.0,,1641,1641
The Other Factory,Indiana,1,1,6,19.5,18.0,1.5,1274.0,1274.0,,1274,1274
Sugar Shack,Washington,1,1,1,1.99,0.75,1.24,1638.0,1638.0,,1638,1638
Sugar Shack,Tennessee,1,1,1,1.5,0.9,0.6,1272.0,1272.0,,1272,1272
Sugar Shack,Rhode Island,1,1,3,4.5,2.4,2.1,1273.0,1273.0,,1273,1273
Sugar Shack,New Jersey,1,1,3,5.97,2.25,3.72,1642.0,1642.0,,1642,1642
Secret Factory,Utah,1,1,5,100.0,50.0,50.0,1275.0,1275.0,,1275,1275
Secret Factory,Vermont,1,1,6,7.5,3.6,3.9,1273.0,1273.0,,1273,1273
Sugar Shack,Arizona,1,1,3,11.25,4.5,6.75,1274.0,1274.0,,1274,1274
Sugar Shack,California,1,1,4,6.0,3.2,2.8,1638.0,1638.0,,1638,1638
The Other Factory,Rhode Island,1,1,7,22.75,21.0,1.75,1273.0,1273.0,,1273,1273
The Other Factory,South Carolina,1,1,2,6.5,6.0,0.5,1273.0,1273.0,,1273,1273
